iter	Precision	Logloss
0	0.7925341013	0.6816473192
1	0.7829787258	0.6741817196
2	0.7817220567	0.6703683869
3	0.7829787258	0.6651831493
4	0.7645429388	0.6582440525
