iter	Logloss
0	0.6822072268
1	0.6741172075
2	0.6640610099
3	0.6558269858
4	0.6477103233
5	0.639259696
