iter	Logloss
0	0.6877302442
1	0.6790682929
2	0.6731035369
3	0.6655504363
4	0.6617239543
5	0.6531592097
6	0.6472101212
7	0.6420761517
8	0.6357701165
9	0.6311724527
10	0.6255177089
11	0.6211332594
12	0.615275383
13	0.6117386818
14	0.6074564798
15	0.6008005142
16	0.5960000583
17	0.5932107653
18	0.5862892015
19	0.5815751893
