iter	Precision	Logloss
0	0.724236644	0.692313744
1	0.8147138985	0.6906312028
2	0.8023255836	0.6891273813
3	0.8469721786	0.6874135393
4	0.8469721786	0.6854887345
5	0.824044588	0.684724814
